,fecha,estacion,año,mes,dias_festivos,clima,sensacion_termica,clientes_casuales,clientes_registrados,total_bicis,dia_semana
0,2018-01-01,invierno,0,1,New Year's Day,Nublado,18.18125,331,654,252.99831794739328,lunes
1,2018-01-02,invierno,0,1,No Festivo,Nublado,17.68695,131,670,210.54437782472834,martes
2,2018-01-03,invierno,0,1,No Festivo,Soleado,9.47025,120,1229,334.4868923511126,miercoles
3,2018-01-04,invierno,0,1,No Festivo,Soleado,10.6061,108,1454,380.9679292206726,jueves
4,2018-01-05,invierno,0,1,No Festivo,Soleado,11.4635,82,1518,389.18169440918825,viernes
5,2018-01-06,invierno,0,1,No Festivo,Soleado,11.66045,88,1518,390.476561903022,sabado
6,2018-01-07,invierno,0,1,No Festivo,Nublado,10.44195,148,1362,369.69099247997565,domingo
7,2018-01-08,invierno,0,1,No Festivo,Nublado,8.1127,68,891,247.05832565915557,lunes
8,2018-01-09,invierno,0,1,No Festivo,Soleado,5.80875,54,768,215.44166281230852,martes
9,2018-01-10,invierno,0,1,No Festivo,Soleado,7.5444,41,1280,328.3169787827783,miercoles
10,2018-01-11,invierno,0,1,No Festivo,Nublado,9.5732,43,1220,315.4886073321242,jueves
11,2018-01-12,invierno,0,1,No Festivo,Soleado,8.02365,25,1137,292.986851566527,viernes
12,2018-01-13,invierno,0,1,No Festivo,Soleado,7.54415,38,1368,347.0024218114834,sabado
13,2018-01-14,invierno,0,1,No Festivo,Soleado,9.42065,54,1367,350.28629448770624,domingo
14,2018-01-15,invierno,0,1,Martin Luther King Jr. Day,Nublado,12.4056,222,1026,312.16011543818047,lunes
15,2018-01-16,invierno,0,1,No Festivo,Soleado,11.71085,251,953,302.37001293778525,martes
16,2018-01-17,invierno,0,1,No Festivo,Nublado,8.83855,117,883,256.41709412468754,miercoles
17,2018-01-18,invierno,0,1,No Festivo,Nublado,11.61665,9,674,182.74072256227706,jueves
18,2018-01-19,invierno,0,1,No Festivo,Nublado,14.9211,78,1572,399.95557660703776,viernes
19,2018-01-20,invierno,0,1,No Festivo,Nublado,12.7525,83,1844,459.0021324943246,sabado
20,2018-01-21,invierno,0,1,No Festivo,Soleado,7.89165,75,1468,376.8525412342721,domingo
21,2018-01-22,invierno,0,1,No Festivo,Soleado,3.95348,93,888,252.08564645601447,lunes
22,2018-01-23,invierno,0,1,No Festivo,Soleado,4.941955,150,836,253.226419826955,martes
23,2018-01-24,invierno,0,1,No Festivo,Soleado,5.8965,86,1330,349.1921108236499,miercoles
24,2018-01-25,invierno,0,1,No Festivo,Nublado,11.7263,186,1799,471.2387957952412,jueves
25,2018-01-26,invierno,0,1,No Festivo,Lluvia,10.18,34,472,139.95502706233088,viernes
26,2018-01-27,invierno,0,1,No Festivo,Soleado,10.985,15,416,121.33338330108822,sabado
27,2018-01-28,invierno,0,1,No Festivo,Nublado,11.16585,38,1129,294.1058936293021,domingo
28,2018-01-29,invierno,0,1,No Festivo,Soleado,10.6063,123,975,278.6137412012773,lunes
29,2018-01-30,invierno,0,1,No Festivo,Soleado,12.5161,140,956,278.1630708993515,martes
30,2018-01-31,invierno,0,1,No Festivo,Nublado,9.3125,42,1459,367.7347644120289,miercoles
31,2018-02-01,invierno,0,2,No Festivo,Nublado,11.7265,47,1313,336.90678360381054,jueves
32,2018-02-02,invierno,0,2,No Festivo,Nublado,12.72085,72,1454,373.16546018539987,viernes
33,2018-02-03,invierno,0,2,No Festivo,Soleado,8.8939,61,1489,378.3694043639607,sabado
34,2018-02-04,invierno,0,2,No Festivo,Nublado,11.42935,88,1620,412.4068666113206,domingo
35,2018-02-05,invierno,0,2,No Festivo,Nublado,12.1529,100,905,257.555384962539,lunes
36,2018-02-06,invierno,0,2,No Festivo,Soleado,14.58355,354,1269,394.1423702654213,martes
37,2018-02-07,invierno,0,2,No Festivo,Soleado,15.1829,120,1592,413.26378408593587,miercoles
38,2018-02-08,invierno,0,2,No Festivo,Soleado,9.9123,64,1466,374.0334275246258,jueves
39,2018-02-09,invierno,0,2,No Festivo,Nublado,7.21415,53,1552,390.26078895678245,viernes
40,2018-02-10,invierno,0,2,No Festivo,Soleado,7.4774,47,1491,375.7685879935517,sabado
41,2018-02-11,invierno,0,2,No Festivo,Soleado,10.67545,149,1597,420.5384394856696,domingo
42,2018-02-12,invierno,0,2,No Festivo,Soleado,11.6477,288,1184,361.422229843194,lunes
43,2018-02-13,invierno,0,2,No Festivo,Soleado,16.20565,397,1192,386.80633281590747,martes
44,2018-02-14,invierno,0,2,No Festivo,Soleado,19.9175,208,1705,456.0422144161623,miercoles
45,2018-02-15,invierno,0,2,No Festivo,Soleado,12.7137,140,1675,435.25254471819557,jueves
46,2018-02-16,invierno,0,2,No Festivo,Soleado,15.81,218,1897,498.5200704802526,viernes
47,2018-02-17,invierno,0,2,No Festivo,Soleado,21.4329,259,2216,573.1115123635165,sabado
48,2018-02-18,invierno,0,2,No Festivo,Soleado,25.59915,579,2348,665.0460060411763,domingo
49,2018-02-19,invierno,0,2,Washington's Birthday,Soleado,19.5702,532,1103,396.7273661232873,lunes
50,2018-02-20,invierno,0,2,No Festivo,Soleado,13.8665,639,1173,434.6141422967252,martes
51,2018-02-21,invierno,0,2,No Festivo,Nublado,14.20375,195,912,280.6406038084196,miercoles
52,2018-02-22,invierno,0,2,No Festivo,Soleado,9.30165,74,1376,356.62397090398133,jueves
53,2018-02-23,invierno,0,2,No Festivo,Soleado,12.28585,139,1778,456.8881561857486,viernes
54,2018-02-24,invierno,0,2,No Festivo,Nublado,14.45955,100,1707,433.549870705096,sabado
55,2018-02-25,invierno,0,2,No Festivo,Nublado,17.52305,120,1341,359.0241286751521,domingo
56,2018-02-26,invierno,0,2,No Festivo,Soleado,14.1096,424,1545,467.8672808008292,lunes
57,2018-02-27,invierno,0,2,No Festivo,Soleado,17.55545,694,1708,558.0919974449205,martes
58,2018-02-28,invierno,0,2,No Festivo,Nublado,20.0059,81,1365,355.7506729707721,miercoles
59,2018-03-01,invierno,0,3,No Festivo,Soleado,13.19395,137,1714,442.9040662985968,jueves
60,2018-03-02,invierno,0,3,No Festivo,Soleado,16.00355,231,1903,502.49107871613097,viernes
61,2018-03-03,invierno,0,3,No Festivo,Soleado,10.00665,123,1562,407.47513801686193,sabado
62,2018-03-04,invierno,0,3,No Festivo,Nublado,12.78395,214,1730,462.59303040451,domingo
63,2018-03-05,invierno,0,3,No Festivo,Nublado,18.93895,640,1437,490.5658218354176,lunes
64,2018-03-06,invierno,0,3,No Festivo,Nublado,18.3126,114,491,164.06428062038032,martes
65,2018-03-07,invierno,0,3,No Festivo,Soleado,11.92305,244,1628,447.35961420823367,miercoles
66,2018-03-08,invierno,0,3,No Festivo,Soleado,15.12,316,1817,502.2821789387984,jueves
67,2018-03-09,invierno,0,3,No Festivo,Nublado,14.3304,191,1700,451.38592177102873,viernes
68,2018-03-10,invierno,0,3,No Festivo,Lluvia,19.2834,46,577,168.39738441791934,sabado
69,2018-03-11,invierno,0,3,No Festivo,Nublado,15.25,247,1730,469.5534266269191,domingo
70,2018-03-12,invierno,0,3,No Festivo,Soleado,16.2875,724,1408,502.07326801059617,lunes
71,2018-03-13,invierno,0,3,No Festivo,Soleado,19.00455,982,1435,561.1823918296715,martes
72,2018-03-14,invierno,0,3,No Festivo,Soleado,16.6,359,1687,484.0645596547718,miercoles
73,2018-03-15,invierno,0,3,No Festivo,Nublado,15.9089,289,1767,486.16295838535035,jueves
74,2018-03-16,invierno,0,3,No Festivo,Nublado,18.3465,321,1871,514.5883830620203,viernes
75,2018-03-17,invierno,0,3,No Festivo,Soleado,20.51665,424,2320,628.0347869932663,sabado
76,2018-03-18,invierno,0,3,No Festivo,Soleado,26.35045,884,2355,727.5507444785978,domingo
77,2018-03-19,invierno,0,3,No Festivo,Soleado,23.32625,1424,1693,703.1952250707899,lunes
78,2018-03-20,invierno,0,3,No Festivo,Soleado,16.2875,1047,1424,572.2898444641434,martes
79,2018-03-21,primavera,0,3,No Festivo,Nublado,20.48675,401,1676,490.5658218354176,miercoles
80,2018-03-22,primavera,0,3,No Festivo,Soleado,22.0321,460,2243,619.7046944404794,jueves
81,2018-03-23,primavera,0,3,No Festivo,Nublado,16.89695,203,1918,499.77451017259796,viernes
82,2018-03-24,primavera,0,3,No Festivo,Nublado,13.54165,166,1699,445.87506699672934,sabado
83,2018-03-25,primavera,0,3,No Festivo,Soleado,12.8156,300,1910,518.335269071972,domingo
84,2018-03-26,primavera,0,3,No Festivo,Soleado,12.87855,981,1515,577.4227948523572,lunes
85,2018-03-27,primavera,0,3,No Festivo,Nublado,12.51695,472,1221,409.1913859581683,martes
86,2018-03-28,primavera,0,3,No Festivo,Soleado,12.8787,222,1806,480.2844942036413,miercoles
87,2018-03-29,primavera,0,3,No Festivo,Soleado,14.6454,317,2108,562.8297086584354,jueves
88,2018-03-30,primavera,0,3,No Festivo,Nublado,14.8675,168,1368,375.33489441824537,viernes
89,2018-03-31,primavera,0,3,No Festivo,Lluvia,12.87875,179,1506,407.47513801686193,sabado
90,2018-04-01,primavera,0,4,No Festivo,Nublado,14.1727,307,1920,521.8708052739039,domingo
91,2018-04-02,primavera,0,4,No Festivo,Nublado,15.78185,898,1354,527.0645509112932,lunes
92,2018-04-03,primavera,0,4,No Festivo,Soleado,18.93835,1651,1598,729.5424165401871,martes
93,2018-04-04,primavera,0,4,No Festivo,Soleado,27.14645,734,2381,702.7950607454392,miercoles
94,2018-04-05,primavera,0,4,No Festivo,Nublado,19.9175,167,1628,430.99424872954995,jueves
95,2018-04-06,primavera,0,4,No Festivo,Soleado,19.3804,413,2395,641.0096431918241,viernes
96,2018-04-07,primavera,0,4,No Festivo,Soleado,21.6848,571,2570,707.9949227920769,sabado
97,2018-04-08,primavera,0,4,No Festivo,Nublado,16.22395,172,1299,361.2043051777945,domingo
98,2018-04-09,primavera,0,4,No Festivo,Nublado,17.07645,879,1576,569.0016556106444,lunes
99,2018-04-10,primavera,0,4,No Festivo,Nublado,21.33685,1188,1707,658.593571255762,martes
100,2018-04-11,primavera,0,4,No Festivo,Nublado,28.26085,855,2493,749.2226960077918,miercoles
101,2018-04-12,primavera,0,4,No Festivo,Nublado,24.6527,257,1777,481.5449388133029,jueves
102,2018-04-13,primavera,0,4,No Festivo,Nublado,20.86415,209,1953,508.3357687010938,viernes
103,2018-04-14,primavera,0,4,No Festivo,Soleado,23.1371,529,2738,733.1256693501703,sabado
104,2018-04-15,primavera,0,4,No Festivo,Soleado,22.09565,642,2484,704.9956030840252,domingo
105,2018-04-16,primavera,0,4,No Festivo,Lluvia,21.2746,121,674,209.14248301480512,lunes
106,2018-04-17,primavera,0,4,No Festivo,Soleado,22.2848,1558,2186,827.3027798570001,martes
107,2018-04-18,primavera,0,4,No Festivo,Soleado,25.1573,669,2760,765.2754391609514,miercoles
108,2018-04-19,primavera,0,4,No Festivo,Nublado,24.4629,409,2795,720.5743621441945,jueves
109,2018-04-20,primavera,0,4,No Festivo,Soleado,28.2196,613,3331,866.3745112773669,viernes
110,2018-04-21,primavera,0,4,No Festivo,Soleado,22.6946,745,3444,913.9319610466764,sabado
111,2018-04-22,primavera,0,4,No Festivo,Nublado,16.0977,177,1506,407.04593122626835,domingo
112,2018-04-23,primavera,0,4,No Festivo,Nublado,22.50605,1462,2574,884.2711819558983,lunes
113,2018-04-24,primavera,0,4,No Festivo,Nublado,27.58815,1710,2481,914.3188575443636,martes
114,2018-04-25,primavera,0,4,No Festivo,Soleado,28.725,773,3300,891.4556097663374,miercoles
115,2018-04-26,primavera,0,4,No Festivo,Soleado,29.70415,678,3722,954.6357386592443,jueves
116,2018-04-27,primavera,0,4,No Festivo,Nublado,28.7571,547,3325,852.3352824476342,viernes
117,2018-04-28,primavera,0,4,No Festivo,Nublado,28.94645,569,3489,888.5439032903524,sabado
118,2018-04-29,primavera,0,4,No Festivo,Soleado,24.87315,878,3717,992.0555755168881,domingo
119,2018-04-30,primavera,0,4,No Festivo,Soleado,23.20105,1965,3347,1128.1546308655018,lunes
120,2018-05-01,primavera,0,5,No Festivo,Nublado,22.4102,1138,2213,749.8180243892447,martes
121,2018-05-02,primavera,0,5,No Festivo,Nublado,26.64165,847,3554,954.8281103085279,miercoles
122,2018-05-03,primavera,0,5,No Festivo,Nublado,29.10395,603,3848,964.4403736611667,jueves
123,2018-05-04,primavera,0,5,No Festivo,Nublado,20.2325,255,2378,605.4491730686663,viernes
124,2018-05-05,primavera,0,5,No Festivo,Soleado,22.09585,614,3819,960.9813822782795,sabado
125,2018-05-06,primavera,0,5,No Festivo,Soleado,23.70585,894,3714,994.5437220782827,domingo
126,2018-05-07,primavera,0,5,No Festivo,Soleado,25.63105,1612,3102,1014.8020860175275,lunes
127,2018-05-08,primavera,0,5,No Festivo,Soleado,25.94665,1401,2932,941.7354348900225,martes
128,2018-05-09,primavera,0,5,No Festivo,Soleado,26.2623,664,3698,947.3219158112548,miercoles
129,2018-05-10,primavera,0,5,No Festivo,Soleado,26.13605,694,4109,1031.771406979562,jueves
130,2018-05-11,primavera,0,5,No Festivo,Soleado,26.42,550,3632,912.5776576059386,viernes
131,2018-05-12,primavera,0,5,No Festivo,Soleado,26.16815,695,4169,1043.381363562959,sabado
132,2018-05-13,primavera,0,5,No Festivo,Nublado,24.715,692,3413,897.6631769237798,domingo
133,2018-05-14,primavera,0,5,No Festivo,Nublado,25.03145,902,2507,761.3158518514311,lunes
134,2018-05-15,primavera,0,5,No Festivo,Nublado,26.8,1582,2971,984.0114569165614,martes
135,2018-05-16,primavera,0,5,No Festivo,Soleado,27.5256,773,3185,869.1009575976019,miercoles
136,2018-05-17,primavera,0,5,No Festivo,Nublado,26.92645,678,3445,901.1525102954888,jueves
137,2018-05-18,primavera,0,5,No Festivo,Nublado,26.3579,536,3319,849.0161451765164,viernes
138,2018-05-19,primavera,0,5,No Festivo,Nublado,25.5371,735,3840,988.2260916003099,sabado
139,2018-05-20,primavera,0,5,No Festivo,Soleado,26.4521,909,4008,1053.4552451050274,domingo
140,2018-05-21,primavera,0,5,No Festivo,Soleado,28.59875,2258,3547,1220.5084544999281,lunes
141,2018-05-22,primavera,0,5,No Festivo,Soleado,28.725,1576,3084,1004.488342531784,martes
142,2018-05-23,primavera,0,5,No Festivo,Nublado,29.5148,836,3438,930.3566562930117,miercoles
143,2018-05-24,primavera,0,5,No Festivo,Nublado,30.24065,659,3833,972.3132547461279,jueves
144,2018-05-25,primavera,0,5,No Festivo,Soleado,30.7771,740,4238,1065.03442783121,viernes
145,2018-05-26,primavera,0,5,No Festivo,Soleado,32.7344,758,3919,1007.7367220874205,sabado
146,2018-05-27,primavera,0,5,No Festivo,Soleado,31.8504,871,3808,1008.1187959209452,domingo
147,2018-05-28,primavera,0,5,Memorial Day,Soleado,30.61895,2001,2757,1023.1959298510315,lunes
148,2018-05-29,primavera,0,5,No Festivo,Soleado,30.7775,2355,2433,1028.913935199347,martes
149,2018-05-30,primavera,0,5,No Festivo,Soleado,33.5546,1549,2549,896.3057438439247,miercoles
150,2018-05-31,primavera,0,5,No Festivo,Soleado,36.26915,673,3309,873.7723139597076,jueves
151,2018-06-01,primavera,0,6,No Festivo,Nublado,36.04835,513,3461,872.2155522885276,viernes
152,2018-06-02,primavera,0,6,No Festivo,Soleado,32.1971,736,4232,1063.1373133683398,sabado
153,2018-06-03,primavera,0,6,No Festivo,Soleado,29.35665,898,4414,1128.1546308655018,domingo
154,2018-06-04,primavera,0,6,No Festivo,Soleado,29.7348,1869,3473,1133.801590413616,lunes
155,2018-06-05,primavera,0,6,No Festivo,Nublado,30.8402,1685,3221,1051.3654604918454,martes
156,2018-06-06,primavera,0,6,No Festivo,Soleado,31.0929,673,3875,983.053262390608,miercoles
157,2018-06-07,primavera,0,6,No Festivo,Soleado,32.7975,763,4070,1037.4833064798804,jueves
158,2018-06-08,primavera,0,6,No Festivo,Soleado,36.36395,676,3725,954.8281103085279,viernes
159,2018-06-09,primavera,0,6,No Festivo,Nublado,37.87895,563,3352,860.7233615389695,sabado
160,2018-06-10,primavera,0,6,No Festivo,Soleado,35.1646,815,3771,990.3325430920369,domingo
161,2018-06-11,primavera,0,6,No Festivo,Soleado,33.9019,1729,3237,1062.7578383282628,lunes
162,2018-06-12,primavera,0,6,No Festivo,Soleado,32.16625,1467,2993,966.1692718049735,martes
163,2018-06-13,primavera,0,6,No Festivo,Soleado,30.0827,863,4157,1072.9975821936905,miercoles
164,2018-06-14,primavera,0,6,No Festivo,Soleado,29.5773,727,4164,1048.51489409229,jueves
165,2018-06-15,primavera,0,6,No Festivo,Soleado,29.3877,769,4411,1103.2645465568446,viernes
166,2018-06-16,primavera,0,6,No Festivo,Nublado,29.7673,545,3222,831.8078968891399,sabado
167,2018-06-17,primavera,0,6,No Festivo,Soleado,30.01915,863,3981,1039.576657068839,domingo
168,2018-06-18,primavera,0,6,No Festivo,Soleado,32.1977,1807,3312,1091.7380009110668,lunes
169,2018-06-19,primavera,0,6,No Festivo,Nublado,32.2923,1639,3105,1020.5261238464074,martes
170,2018-06-20,primavera,0,6,No Festivo,Nublado,29.7673,699,3311,879.2181811210208,miercoles
171,2018-06-21,verano,0,6,No Festivo,Nublado,31.8823,774,4061,1037.8639559911248,jueves
172,2018-06-22,verano,0,6,No Festivo,Soleado,34.69145,661,3846,975.1915296088779,viernes
173,2018-06-23,verano,0,6,No Festivo,Nublado,34.69165,746,4044,1029.294990258109,sabado
174,2018-06-24,verano,0,6,No Festivo,Soleado,32.82915,969,4022,1067.5000281725488,domingo
175,2018-06-25,verano,0,6,No Festivo,Soleado,32.16565,1782,3420,1107.4178613281028,lunes
176,2018-06-26,verano,0,6,No Festivo,Soleado,31.88145,1920,3385,1126.8364851782349,martes
177,2018-06-27,verano,0,6,No Festivo,Nublado,31.8502,854,3854,1013.6567815121425,miercoles
178,2018-06-28,verano,0,6,No Festivo,Soleado,34.6279,732,3916,1002.1945565537022,jueves
179,2018-06-29,verano,0,6,No Festivo,Soleado,32.7344,848,4377,1111.7578255263124,viernes
180,2018-06-30,verano,0,6,No Festivo,Soleado,31.8504,1027,4488,1166.2959888739847,sabado
181,2018-07-01,verano,0,7,No Festivo,Soleado,32.6081,1246,4116,1137.5642234500408,domingo
182,2018-07-02,verano,0,7,No Festivo,Soleado,33.3654,2204,2915,1091.7380009110668,lunes
183,2018-07-03,verano,0,7,No Festivo,Nublado,33.42875,2282,2367,1002.3857311147132,martes
184,2018-07-04,verano,0,7,Independence Day,Nublado,33.27085,3065,2978,1264.7694967974883,miercoles
185,2018-07-05,verano,0,7,No Festivo,Soleado,34.8169,1031,3634,1005.4438881239312,jueves
186,2018-07-06,verano,0,7,No Festivo,Soleado,34.28165,784,3845,998.561348852277,viernes
187,2018-07-07,verano,0,7,No Festivo,Soleado,34.34355,754,3838,991.4812741050722,sabado
188,2018-07-08,verano,0,7,No Festivo,Nublado,33.52415,692,3348,885.0482372056102,domingo
189,2018-07-09,verano,0,7,No Festivo,Soleado,33.2079,1988,3348,1132.6724879860049,lunes
190,2018-07-10,verano,0,7,No Festivo,Soleado,34.50125,1743,3138,1046.6139636343617,martes
191,2018-07-11,verano,0,7,No Festivo,Soleado,36.4902,723,3363,893.978101177486,miercoles
192,2018-07-12,verano,0,7,No Festivo,Soleado,36.96375,662,3596,927.2678122940679,jueves
193,2018-07-13,verano,0,7,No Festivo,Soleado,34.4702,748,3594,943.4696246017451,viernes
194,2018-07-14,verano,0,7,No Festivo,Soleado,31.7552,888,4196,1085.1173569202065,sabado
195,2018-07-15,verano,0,7,No Festivo,Soleado,31.21855,1318,4220,1170.6072393616364,domingo
196,2018-07-16,verano,0,7,No Festivo,Soleado,31.91315,2418,3505,1242.4783136401295,lunes
197,2018-07-17,verano,0,7,No Festivo,Soleado,33.49165,2006,3296,1126.2715049896362,martes
198,2018-07-18,verano,0,7,No Festivo,Soleado,35.19625,841,3617,965.7851065723166,miercoles
199,2018-07-19,verano,0,7,No Festivo,Soleado,37.37395,752,3789,981.7115885144942,jueves
200,2018-07-20,verano,0,7,No Festivo,Soleado,37.3425,644,3688,941.5427218431828,viernes
201,2018-07-21,verano,0,7,No Festivo,Nublado,41.31855,632,3152,835.1357526482732,sabado
202,2018-07-22,verano,0,7,No Festivo,Soleado,42.0448,562,2825,756.9572492889083,domingo
203,2018-07-23,verano,0,7,No Festivo,Soleado,40.21435,987,2298,736.7066750882932,lunes
204,2018-07-24,verano,0,7,No Festivo,Soleado,39.74145,1050,2556,800.2051131657122,martes
205,2018-07-25,verano,0,7,No Festivo,Soleado,36.0479,568,3272,846.0861106311602,miercoles
206,2018-07-26,verano,0,7,No Festivo,Soleado,34.84895,750,3840,991.0983827660973,jueves
207,2018-07-27,verano,0,7,No Festivo,Soleado,34.53335,755,3901,1003.7238220134255,viernes
208,2018-07-28,verano,0,7,No Festivo,Soleado,36.995,606,3784,952.7117481750538,sabado
209,2018-07-29,verano,0,7,No Festivo,Soleado,39.29835,670,3176,847.2582805410015,domingo
210,2018-07-30,verano,0,7,No Festivo,Soleado,36.42685,1559,2916,969.0498865492056,lunes
211,2018-07-31,verano,0,7,No Festivo,Soleado,36.4898,1524,2778,935.7589693431928,martes
212,2018-08-01,verano,0,8,No Festivo,Soleado,35.1646,729,3537,928.8123991687703,miercoles
213,2018-08-02,verano,0,8,No Festivo,Soleado,35.35355,801,4044,1039.7669348129443,jueves
214,2018-08-03,verano,0,8,No Festivo,Nublado,33.99685,467,3107,793.9048770582071,viernes
215,2018-08-04,verano,0,8,No Festivo,Nublado,33.2394,799,3777,988.4176109985534,sabado
216,2018-08-05,verano,0,8,No Festivo,Soleado,32.82835,1023,3843,1043.7617361356063,domingo
217,2018-08-06,verano,0,8,No Festivo,Nublado,33.8077,1521,2773,934.2158609498867,lunes
218,2018-08-07,verano,0,8,No Festivo,Soleado,35.7646,1298,2487,835.3314557896778,martes
219,2018-08-08,verano,0,8,No Festivo,Soleado,35.16415,846,3480,940.386337151787,miercoles
220,2018-08-09,verano,0,8,No Festivo,Soleado,36.20605,907,3695,993.3954461877545,jueves
221,2018-08-10,verano,0,8,No Festivo,Soleado,34.24915,884,3896,1027.3895336524583,viernes
222,2018-08-11,verano,0,8,No Festivo,Soleado,32.57605,812,3980,1029.6760272025574,sabado
223,2018-08-12,verano,0,8,No Festivo,Soleado,32.7021,1051,3854,1051.1754536356232,domingo
224,2018-08-13,verano,0,8,No Festivo,Nublado,32.2929,1504,2646,906.3832617582236,lunes
225,2018-08-14,verano,0,8,No Festivo,Nublado,31.2194,1338,2482,842.177369396783,martes
226,2018-08-15,verano,0,8,No Festivo,Soleado,30.80835,775,3563,942.6989241949506,miercoles
227,2018-08-16,verano,0,8,No Festivo,Soleado,32.29185,721,4004,1016.9013800806902,jueves
228,2018-08-17,verano,0,8,No Festivo,Soleado,33.33355,668,4026,1010.9837576114053,viernes
229,2018-08-18,verano,0,8,No Festivo,Soleado,33.1129,639,3166,839.2442846983869,sabado
230,2018-08-19,verano,0,8,No Festivo,Nublado,31.66105,797,3356,906.9642167643599,domingo
231,2018-08-20,verano,0,8,No Festivo,Soleado,32.4498,1914,3277,1105.3414544535212,lunes
232,2018-08-21,verano,0,8,No Festivo,Soleado,33.77625,1249,2624,852.5304740806093,martes
233,2018-08-22,verano,0,8,No Festivo,Soleado,31.9127,833,3925,1023.1959298510315,miercoles
234,2018-08-23,verano,0,8,No Festivo,Soleado,30.30335,1281,4614,1237.2696727175496,jueves
235,2018-08-24,verano,0,8,No Festivo,Soleado,31.5346,949,4181,1093.8177088608688,viernes
236,2018-08-25,verano,0,8,No Festivo,Nublado,32.2927,435,3107,787.5982151123196,sabado
237,2018-08-26,verano,0,8,No Festivo,Soleado,32.98665,768,3893,1004.6794609847881,domingo
238,2018-08-27,verano,0,8,No Festivo,Nublado,31.7778,226,889,282.440684598049,lunes
239,2018-08-28,verano,0,8,No Festivo,Soleado,32.39795,1415,2919,941.9281428731764,martes
240,2018-08-29,verano,0,8,No Festivo,Soleado,30.3979,729,3905,999.51762047859,miercoles
241,2018-08-30,verano,0,8,No Festivo,Soleado,29.7352,775,4429,1107.7953361142154,jueves
242,2018-08-31,verano,0,8,No Festivo,Soleado,30.55605,688,4370,1080.1958058028897,viernes
243,2018-09-01,verano,0,9,No Festivo,Soleado,30.74605,783,4332,1090.981617370835,sabado
244,2018-09-02,verano,0,9,No Festivo,Nublado,30.2404,875,3852,1017.2830100937206,domingo
245,2018-09-03,verano,0,9,Labor Day,Soleado,31.66065,1935,2549,970.777727548122,lunes
246,2018-09-04,verano,0,9,No Festivo,Soleado,33.27145,2521,2419,1057.8230764952002,martes
247,2018-09-05,verano,0,9,No Festivo,Nublado,31.2823,1236,2115,749.8180243892447,miercoles
248,2018-09-06,verano,0,9,No Festivo,Lluvia,25.76,204,2506,621.1279179702111,jueves
249,2018-09-07,verano,0,9,No Festivo,Lluvia,27.21145,118,1878,473.5549166630106,viernes
250,2018-09-08,verano,0,9,No Festivo,Lluvia,27.76805,153,1689,440.9927870315934,sabado
251,2018-09-09,verano,0,9,No Festivo,Nublado,28.9473,417,3127,787.9925709588796,domingo
252,2018-09-10,verano,0,9,No Festivo,Soleado,30.3981,1750,3595,1134.3660874741324,lunes
253,2018-09-11,verano,0,9,No Festivo,Soleado,30.46145,1633,3413,1077.9233499010077,martes
254,2018-09-12,verano,0,9,No Festivo,Soleado,30.1065,690,4023,1014.6112134645952,miercoles
255,2018-09-13,verano,0,9,No Festivo,Soleado,30.1777,701,4062,1024.149215123523,jueves
256,2018-09-14,verano,0,9,No Festivo,Soleado,31.345,647,4138,1028.34231862842,viernes
257,2018-09-15,verano,0,9,No Festivo,Nublado,27.68355,428,3231,810.625913934815,sabado
258,2018-09-16,verano,0,9,No Festivo,Nublado,23.07375,742,4018,1023.577257640106,domingo
259,2018-09-17,verano,0,9,No Festivo,Nublado,23.9256,1434,3077,975.9588852410898,lunes
260,2018-09-18,verano,0,9,No Festivo,Soleado,24.52685,1353,2921,930.3566562930117,martes
261,2018-09-19,verano,0,9,No Festivo,Nublado,26.48375,691,3848,981.3282098848092,miercoles
262,2018-09-20,verano,0,9,No Festivo,Nublado,26.61085,438,3203,807.0887136288022,jueves
263,2018-09-21,verano,0,9,No Festivo,Nublado,27.52665,539,3813,945.396022160154,viernes
264,2018-09-22,verano,0,9,No Festivo,Nublado,27.74815,555,4240,1030.2475486733074,sabado
265,2018-09-23,otoño,0,9,No Festivo,Nublado,26.10625,258,2137,556.6490621053022,domingo
266,2018-09-24,otoño,0,9,No Festivo,Nublado,28.2206,1776,3647,1149.0304151997636,lunes
267,2018-09-25,otoño,0,9,No Festivo,Nublado,28.63185,1544,3466,1071.1022834100563,martes
268,2018-09-26,otoño,0,9,No Festivo,Nublado,29.4521,684,3946,998.7526125817394,miercoles
269,2018-09-27,otoño,0,9,No Festivo,Nublado,28.72625,477,3643,900.5710753769271,jueves
270,2018-09-28,otoño,0,9,No Festivo,Nublado,28.7579,480,3427,859.1635862676608,viernes
271,2018-09-29,otoño,0,9,No Festivo,Soleado,28.7256,653,4186,1038.6252012419893,sabado
272,2018-09-30,otoño,0,9,No Festivo,Soleado,27.24145,830,4372,1107.4178613281028,domingo
273,2018-10-01,otoño,0,10,No Festivo,Nublado,20.64315,480,1949,563.6531349479814,lunes
274,2018-10-02,otoño,0,10,No Festivo,Nublado,17.26585,616,2302,663.232074281665,martes
275,2018-10-03,otoño,0,10,No Festivo,Nublado,19.6023,330,3240,793.1168970430341,miercoles
276,2018-10-04,otoño,0,10,No Festivo,Soleado,23.6429,486,3970,965.4009217164938,jueves
277,2018-10-05,otoño,0,10,No Festivo,Soleado,26.3569,559,4267,1036.1508918989605,viernes
278,2018-10-06,otoño,0,10,No Festivo,Soleado,24.02125,639,4126,1024.530497324781,sabado
279,2018-10-07,otoño,0,10,No Festivo,Soleado,25.2202,949,4036,1066.3621497569225,domingo
280,2018-10-08,otoño,0,10,Columbus Day,Soleado,25.6621,2235,3174,1146.4001344395676,lunes
281,2018-10-09,otoño,0,10,No Festivo,Soleado,26.19915,2397,3114,1165.5459974326134,martes
282,2018-10-10,otoño,0,10,No Festivo,Soleado,27.14625,1514,3603,1091.3598175558077,miercoles
283,2018-10-11,otoño,0,10,No Festivo,Nublado,27.3048,667,3896,985.9274867212976,jueves
284,2018-10-12,otoño,0,10,No Festivo,Lluvia,25.88585,217,2199,560.9764336158474,viernes
285,2018-10-13,otoño,0,10,No Festivo,Nublado,27.5902,290,2623,662.2240592669224,sabado
286,2018-10-14,otoño,0,10,No Festivo,Nublado,26.48375,529,3115,807.6783850174015,domingo
287,2018-10-15,otoño,0,10,No Festivo,Soleado,24.93625,1899,3318,1110.2485199468551,lunes
288,2018-10-16,otoño,0,10,No Festivo,Soleado,25.1577,1748,3293,1076.9763117481962,martes
289,2018-10-17,otoño,0,10,No Festivo,Soleado,25.53625,713,3857,987.2684230920712,miercoles
290,2018-10-18,otoño,0,10,No Festivo,Nublado,26.13605,637,4111,1021.2890169835821,jueves
291,2018-10-19,otoño,0,10,No Festivo,Lluvia,25.6924,254,2170,562.6238279323051,viernes
292,2018-10-20,otoño,0,10,No Festivo,Soleado,23.32625,471,3724,915.0925874890689,sabado
293,2018-10-21,otoño,0,10,No Festivo,Soleado,21.1798,676,3628,936.1446953716048,domingo
294,2018-10-22,otoño,0,10,No Festivo,Soleado,21.2746,1499,2809,936.9160862185403,lunes
295,2018-10-23,otoño,0,10,No Festivo,Soleado,21.11665,1619,2762,950.9797300865964,martes
296,2018-10-24,otoño,0,10,No Festivo,Soleado,22.85335,699,3488,913.5450435171955,miercoles
297,2018-10-25,otoño,0,10,No Festivo,Soleado,23.16875,695,3992,1009.6469054073881,jueves
298,2018-10-26,otoño,0,10,No Festivo,Nublado,23.6423,404,3490,856.6281754389078,viernes
299,2018-10-27,otoño,0,10,No Festivo,Nublado,22.8523,240,2419,610.7490584115558,sabado
300,2018-10-28,otoño,0,10,No Festivo,Nublado,15.9406,456,3291,827.8905821162223,domingo
301,2018-10-29,otoño,0,10,No Festivo,Lluvia,11.39565,57,570,169.3583474814877,lunes
302,2018-10-30,otoño,0,10,No Festivo,Soleado,16.06645,885,2446,745.8480194425736,martes
303,2018-10-31,otoño,0,10,No Festivo,Soleado,17.80315,362,3307,812.5901687010077,miercoles
304,2018-11-01,otoño,0,11,No Festivo,Soleado,19.8544,410,3658,890.4851768141222,jueves
305,2018-11-02,otoño,0,11,No Festivo,Soleado,19.50665,370,3816,913.3515768620364,viernes
306,2018-11-03,otoño,0,11,No Festivo,Soleado,20.29605,318,3656,872.2155522885276,sabado
307,2018-11-04,otoño,0,11,No Festivo,Nublado,20.1696,470,3576,886.2136558784758,domingo
308,2018-11-05,otoño,0,11,No Festivo,Soleado,16.1927,1156,2770,862.8674602489283,lunes
309,2018-11-06,otoño,0,11,No Festivo,Soleado,18.1179,952,2697,808.6610478697763,martes
310,2018-11-07,otoño,0,11,No Festivo,Soleado,20.04355,373,3662,884.0769044461541,miercoles
311,2018-11-08,otoño,0,11,No Festivo,Soleado,20.6123,376,3829,917.0265450756224,jueves
312,2018-11-09,otoño,0,11,No Festivo,Soleado,20.45395,305,3804,898.4387346228169,viernes
313,2018-11-10,otoño,0,11,No Festivo,Nublado,18.68605,190,2743,666.2549410163098,sabado
314,2018-11-11,otoño,0,11,Veterans Day,Soleado,15.34085,440,2928,753.1904075169614,domingo
315,2018-11-12,otoño,0,11,Veterans Day (Observed),Soleado,17.8971,1275,2792,890.2910739323049,lunes
316,2018-11-13,otoño,0,11,No Festivo,Soleado,21.5275,1004,2713,822.0101405264876,martes
317,2018-11-14,otoño,0,11,No Festivo,Soleado,26.2306,595,3891,971.1616385681403,miercoles
318,2018-11-15,otoño,0,11,No Festivo,Nublado,25.37895,449,3746,915.0925874890689,jueves
319,2018-11-16,otoño,0,11,No Festivo,Lluvia,22.5994,145,1672,435.6780795804298,viernes
320,2018-11-17,otoño,0,11,No Festivo,Nublado,16.16105,139,2914,690.3753521046558,sabado
321,2018-11-18,otoño,0,11,No Festivo,Soleado,13.63605,245,3147,757.9481230901312,domingo
322,2018-11-19,otoño,0,11,No Festivo,Soleado,16.22415,943,2720,811.4116890930038,lunes
323,2018-11-20,otoño,0,11,No Festivo,Nublado,22.8529,787,2733,783.2586239656767,martes
324,2018-11-21,otoño,0,11,No Festivo,Lluvia,22.2531,220,2545,632.2959214495487,miercoles
325,2018-11-22,otoño,0,11,Thanksgiving,Lluvia,21.0848,69,1538,390.69231955297084,jueves
326,2018-11-23,otoño,0,11,No Festivo,Nublado,21.52685,112,2454,591.76413804261,viernes
327,2018-11-24,otoño,0,11,No Festivo,Soleado,18.62355,560,935,366.42987073766517,sabado
328,2018-11-25,otoño,0,11,No Festivo,Soleado,19.03355,1095,1697,637.7691152972639,domingo
329,2018-11-26,otoño,0,11,No Festivo,Soleado,19.25435,1249,1819,693.3827322464399,lunes
330,2018-11-27,otoño,0,11,No Festivo,Soleado,22.79,810,2261,693.9840071496506,martes
331,2018-11-28,otoño,0,11,No Festivo,Soleado,24.5061,253,3614,851.359238155584,miercoles
332,2018-11-29,otoño,0,11,No Festivo,Nublado,22.56875,96,2818,662.4256780186545,jueves
333,2018-11-30,otoño,0,11,No Festivo,Soleado,15.56105,188,3425,801.5824395267429,viernes
334,2018-12-01,otoño,0,12,No Festivo,Soleado,15.2777,182,3545,823.9708860167788,sabado
335,2018-12-02,otoño,0,12,No Festivo,Soleado,16.57165,268,3672,865.595324375861,domingo
336,2018-12-03,otoño,0,12,No Festivo,Soleado,15.5302,706,2908,801.779175621225,lunes
337,2018-12-04,otoño,0,12,No Festivo,Soleado,17.455,634,2851,776.3483536369259,martes
338,2018-12-05,otoño,0,12,No Festivo,Nublado,19.69625,233,3578,840.4176762666114,miercoles
339,2018-12-06,otoño,0,12,No Festivo,Lluvia,22.82,126,2468,597.488145684854,jueves
340,2018-12-07,otoño,0,12,No Festivo,Lluvia,20.0123,50,655,187.96340426526513,viernes
341,2018-12-08,otoño,0,12,No Festivo,Soleado,12.8469,150,3172,744.06063258061,sabado
342,2018-12-09,otoño,0,12,No Festivo,Soleado,15.8771,261,3359,802.9594621006562,domingo
343,2018-12-10,otoño,0,12,No Festivo,Soleado,13.3206,502,2688,717.7813840946125,lunes
344,2018-12-11,otoño,0,12,No Festivo,Soleado,12.6577,377,2366,627.8317834267273,martes
345,2018-12-12,otoño,0,12,No Festivo,Soleado,13.5098,143,3167,741.6765920523081,miercoles
346,2018-12-13,otoño,0,12,No Festivo,Soleado,15.0569,155,3368,783.8505678166408,jueves
347,2018-12-14,otoño,0,12,No Festivo,Nublado,16.9181,178,3562,826.5189600827282,viernes
348,2018-12-15,otoño,0,12,No Festivo,Nublado,20.61185,181,3528,820.4411117285771,sabado
349,2018-12-16,otoño,0,12,No Festivo,Nublado,17.99125,178,3399,794.4957961738204,domingo
350,2018-12-17,otoño,0,12,No Festivo,Nublado,12.46855,275,2464,627.0196848633301,lunes
351,2018-12-18,otoño,0,12,No Festivo,Soleado,12.27895,220,2211,564.0647901858044,martes
352,2018-12-19,otoño,0,12,No Festivo,Soleado,14.04665,260,3143,760.1274605225587,miercoles
353,2018-12-20,otoño,0,12,No Festivo,Nublado,19.8227,216,3534,828.4783307958921,jueves
354,2018-12-21,invierno,0,12,No Festivo,Nublado,21.40085,107,2553,610.9527819773323,viernes
355,2018-12-22,invierno,0,12,No Festivo,Nublado,21.30605,227,2841,693.3827322464399,sabado
356,2018-12-23,invierno,0,12,No Festivo,Soleado,18.87565,163,2046,518.12720014158,domingo
357,2018-12-24,invierno,0,12,No Festivo,Soleado,14.9621,155,856,258.92048341752945,lunes
358,2018-12-25,invierno,0,12,Christmas Day,Soleado,13.99805,303,451,199.53007194258524,martes
359,2018-12-26,invierno,0,12,No Festivo,Soleado,15.77675,430,887,327.4343537365631,miercoles
360,2018-12-27,invierno,0,12,No Festivo,Nublado,16.38165,103,1059,292.986851566527,jueves
361,2018-12-28,invierno,0,12,No Festivo,Soleado,13.9987,255,2047,537.4324408530765,viernes
362,2018-12-29,invierno,0,12,No Festivo,Soleado,13.1946,254,2169,562.4179375358007,sabado
363,2018-12-30,invierno,0,12,No Festivo,Soleado,15.9406,491,2508,679.5347835050268,domingo
364,2018-12-31,invierno,0,12,No Festivo,Soleado,20.70605,665,1820,575.1650212980135,lunes
365,2019-01-01,invierno,1,1,New Year's Day,Soleado,18.78105,686,1608,535.7753155631289,martes
366,2019-01-02,invierno,1,1,No Festivo,Soleado,12.6152,244,1707,464.0705947780972,miercoles
367,2019-01-03,invierno,1,1,No Festivo,Soleado,6.31375,89,2147,523.7413146017001,jueves
368,2019-01-04,invierno,1,1,No Festivo,Nublado,5.96685,95,2273,551.0789417189394,viernes
369,2019-01-05,invierno,1,1,No Festivo,Soleado,13.9206,140,3132,734.1206179783449,sabado
370,2019-01-06,invierno,1,1,No Festivo,Soleado,17.01335,307,3791,896.3057438439247,domingo
371,2019-01-07,invierno,1,1,No Festivo,Soleado,19.53895,1070,3451,977.8769355743518,lunes
372,2019-01-08,invierno,1,1,No Festivo,Soleado,17.0129,599,2826,764.4837325320918,martes
373,2019-01-09,invierno,1,1,No Festivo,Nublado,12.37395,106,2270,552.7300979799453,miercoles
374,2019-01-10,invierno,1,1,No Festivo,Soleado,15.9413,173,3425,798.6306530689054,jueves
375,2019-01-11,invierno,1,1,No Festivo,Nublado,14.14105,92,2085,511.46330215724913,viernes
376,2019-01-12,invierno,1,1,No Festivo,Nublado,19.0969,269,3828,896.1118032915721,sabado
377,2019-01-13,invierno,1,1,No Festivo,Soleado,12.4681,174,3040,722.5684955768935,domingo
378,2019-01-14,invierno,1,1,No Festivo,Soleado,9.15435,333,2160,576.807150985051,lunes
379,2019-01-15,invierno,1,1,No Festivo,Soleado,8.08125,284,2027,539.2959233446769,martes
380,2019-01-16,invierno,1,1,No Festivo,Soleado,9.53315,217,2081,536.6039603104506,miercoles
381,2019-01-17,invierno,1,1,No Festivo,Nublado,18.2139,127,2808,666.6578567449818,jueves
382,2019-01-18,invierno,1,1,No Festivo,Soleado,13.7627,109,3267,754.7767402634174,viernes
383,2019-01-19,invierno,1,1,No Festivo,Soleado,9.5019,130,3162,738.0986845364215,sabado
384,2019-01-20,invierno,1,1,No Festivo,Nublado,11.0479,115,3048,712.3909783469425,domingo
385,2019-01-21,invierno,1,1,Martin Luther King Jr. Day,Nublado,8.74375,67,1234,323.90079051286364,lunes
386,2019-01-22,invierno,1,1,No Festivo,Nublado,8.1125,196,1781,469.5534266269191,martes
387,2019-01-23,invierno,1,1,No Festivo,Nublado,12.1529,145,2287,564.2706033434608,miercoles
388,2019-01-24,invierno,1,1,No Festivo,Soleado,17.4554,439,3900,942.8916068791821,jueves
389,2019-01-25,invierno,1,1,No Festivo,Soleado,14.74105,467,3803,929.5845689066707,viernes
390,2019-01-26,invierno,1,1,No Festivo,Nublado,17.8025,244,3831,891.8437449617383,sabado
391,2019-01-27,invierno,1,1,No Festivo,Nublado,20.76915,269,3187,770.6167155941748,domingo
392,2019-01-28,invierno,1,1,No Festivo,Soleado,16.31895,775,3248,881.7451463035709,lunes
393,2019-01-29,invierno,1,1,No Festivo,Soleado,13.63605,558,2685,728.3474971947709,martes
394,2019-01-30,invierno,1,1,No Festivo,Soleado,13.13125,126,3498,803.7461960005652,miercoles
395,2019-01-31,invierno,1,1,No Festivo,Soleado,19.06585,324,4185,975.5752171130358,jueves
396,2019-02-01,invierno,1,2,No Festivo,Soleado,23.3269,304,4275,988.9921406073641,viernes
397,2019-02-02,invierno,1,2,No Festivo,Nublado,19.94855,190,3571,830.6329516558216,sabado
398,2019-02-03,invierno,1,2,No Festivo,Soleado,15.4673,310,3841,906.5769187380497,domingo
399,2019-02-04,invierno,1,2,No Festivo,Nublado,13.63625,384,2448,645.8664986811089,lunes
400,2019-02-05,invierno,1,2,No Festivo,Nublado,13.22605,318,2629,669.0746955153256,martes
401,2019-02-06,invierno,1,2,No Festivo,Soleado,14.8213,206,3578,835.1357526482732,miercoles
402,2019-02-07,invierno,1,2,No Festivo,Soleado,18.0552,199,4176,949.82482633128,jueves
403,2019-02-08,invierno,1,2,No Festivo,Nublado,13.32105,109,2693,639.7946922299712,viernes
404,2019-02-09,invierno,1,2,No Festivo,Soleado,13.0994,163,3667,844.1320305023099,sabado
405,2019-02-10,invierno,1,2,No Festivo,Nublado,14.6779,227,3604,844.3274646312708,domingo
406,2019-02-11,invierno,1,2,No Festivo,Lluvia,10.54335,192,1977,509.7955907199088,lunes
407,2019-02-12,invierno,1,2,No Festivo,Soleado,5.0829,73,1456,373.81645993670435,martes
408,2019-02-13,invierno,1,2,No Festivo,Soleado,11.39565,94,3328,763.8898834784457,miercoles
409,2019-02-14,invierno,1,2,No Festivo,Nublado,16.6973,135,3787,862.0878672276034,jueves
410,2019-02-15,invierno,1,2,No Festivo,Soleado,17.58145,141,4028,910.0618374710762,viernes
411,2019-02-16,invierno,1,2,No Festivo,Nublado,16.5081,74,2931,680.7403816372415,sabado
412,2019-02-17,invierno,1,2,No Festivo,Soleado,17.58145,349,3805,907.1578578136914,domingo
413,2019-02-18,invierno,1,2,Washington's Birthday,Soleado,17.77125,1435,2883,938.8442067701359,lunes
414,2019-02-19,invierno,1,2,No Festivo,Nublado,13.2894,618,2071,616.8569870649827,martes
415,2019-02-20,invierno,1,2,No Festivo,Soleado,13.66955,502,2627,705.5955978704305,miercoles
416,2019-02-21,invierno,1,2,No Festivo,Soleado,14.75565,163,3614,833.765665683833,jueves
417,2019-02-22,invierno,1,2,No Festivo,Soleado,19.63335,394,4379,1026.0554440128592,viernes
418,2019-02-23,invierno,1,2,No Festivo,Soleado,22.2223,516,4546,1080.9531546351384,sabado
419,2019-02-24,invierno,1,2,No Festivo,Nublado,20.54855,246,3241,776.7434383704724,domingo
420,2019-02-25,invierno,1,2,No Festivo,Soleado,12.78375,317,2415,625.5981873046394,lunes
421,2019-02-26,invierno,1,2,No Festivo,Soleado,13.4154,515,2874,757.3536187807663,martes
422,2019-02-27,invierno,1,2,No Festivo,Soleado,17.8977,253,4069,939.6153125853123,miercoles
423,2019-02-28,invierno,1,2,No Festivo,Soleado,17.67625,229,4134,947.5144775110513,jueves
424,2019-03-01,invierno,1,3,No Festivo,Soleado,23.76855,325,4665,1067.3103925903526,viernes
425,2019-03-02,invierno,1,3,No Festivo,Nublado,17.9921,246,2948,718.5795199670856,sabado
426,2019-03-03,invierno,1,3,No Festivo,Nublado,20.6746,956,3110,890.0969656165566,domingo
427,2019-03-04,invierno,1,3,No Festivo,Soleado,15.15105,710,2713,764.0878397465139,lunes
428,2019-03-05,invierno,1,3,No Festivo,Soleado,12.05855,203,3130,746.2451418065117,martes
429,2019-03-06,invierno,1,3,No Festivo,Soleado,12.7521,221,3735,868.7115325776642,miercoles
430,2019-03-07,invierno,1,3,No Festivo,Soleado,19.255,432,4484,1053.265286698033,jueves
431,2019-03-08,invierno,1,3,No Festivo,Soleado,26.2302,486,4896,1141.3252589384176,viernes
432,2019-03-09,invierno,1,3,No Festivo,Nublado,19.85415,447,4122,987.0768750788883,sabado
433,2019-03-10,invierno,1,3,No Festivo,Soleado,13.88835,968,3150,900.1834253196748,domingo
434,2019-03-11,invierno,1,3,No Festivo,Soleado,17.9835,1658,3253,1052.3154286508639,lunes
435,2019-03-12,invierno,1,3,No Festivo,Soleado,22.9796,838,4460,1125.5181414482624,martes
436,2019-03-13,invierno,1,3,No Festivo,Soleado,27.14645,762,5085,1228.3340106413082,miercoles
437,2019-03-14,invierno,1,3,No Festivo,Soleado,27.43085,997,5315,1314.5576156569534,jueves
438,2019-03-15,invierno,1,3,No Festivo,Soleado,26.64125,1005,5187,1292.3777747700713,viernes
439,2019-03-16,invierno,1,3,No Festivo,Nublado,21.81145,548,3830,950.4023007347976,sabado
440,2019-03-17,invierno,1,3,No Festivo,Nublado,25.2523,3155,4681,1592.3756038852205,domingo
441,2019-03-18,invierno,1,3,No Festivo,Nublado,23.2,2207,3685,1236.7114371995972,lunes
442,2019-03-19,invierno,1,3,No Festivo,Soleado,26.64105,982,5171,1285.1588282944654,martes
443,2019-03-20,invierno,1,3,No Festivo,Soleado,26.92665,1051,5042,1274.0425675627234,miercoles
444,2019-03-21,primavera,1,3,No Festivo,Nublado,25.6629,1122,5108,1299.4066421570378,jueves
445,2019-03-22,primavera,1,3,No Festivo,Soleado,26.57835,1334,5537,1417.2622301006577,viernes
446,2019-03-23,primavera,1,3,No Festivo,Nublado,28.50335,2469,5893,1686.775845528831,sabado
447,2019-03-24,primavera,1,3,No Festivo,Nublado,24.33665,1033,2339,753.9836274521979,domingo
448,2019-03-25,primavera,1,3,No Festivo,Nublado,21.8744,1532,3464,1068.4481412142093,lunes
449,2019-03-26,primavera,1,3,No Festivo,Soleado,21.9375,795,4763,1174.3544958128962,martes
450,2019-03-27,primavera,1,3,No Festivo,Soleado,15.7827,531,4571,1088.5229054374822,miercoles
451,2019-03-28,primavera,1,3,No Festivo,Soleado,23.5475,674,5024,1200.542653100437,jueves
452,2019-03-29,primavera,1,3,No Festivo,Soleado,24.1152,834,5299,1281.4547852342046,viernes
453,2019-03-30,primavera,1,3,No Festivo,Nublado,18.78105,796,4663,1155.7904501535666,sabado
454,2019-03-31,primavera,1,3,No Festivo,Nublado,21.0854,2301,3934,1300.3311291492957,domingo
455,2019-04-01,primavera,1,4,No Festivo,Nublado,20.86435,2347,3694,1264.3983927155339,lunes
456,2019-04-02,primavera,1,4,No Festivo,Soleado,21.37565,1208,4728,1244.895657615305,martes
457,2019-04-03,primavera,1,4,No Festivo,Soleado,23.07415,1348,5424,1399.1446004004397,miercoles
458,2019-04-04,primavera,1,4,No Festivo,Soleado,26.6725,1058,5378,1337.4264115211563,jueves
459,2019-04-05,primavera,1,4,No Festivo,Soleado,21.55815,1192,5265,1341.2943612265308,viernes
460,2019-04-06,primavera,1,4,No Festivo,Soleado,19.53835,1807,4653,1341.846808452112,sabado
461,2019-04-07,primavera,1,4,No Festivo,Soleado,21.30645,3252,3605,1414.7019549784286,domingo
462,2019-04-08,primavera,1,4,No Festivo,Soleado,24.62125,2230,2939,1101.187136452851,lunes
463,2019-04-09,primavera,1,4,No Festivo,Soleado,23.8319,905,4680,1179.410858384245,martes
464,2019-04-10,primavera,1,4,No Festivo,Soleado,21.81165,819,5099,1241.5484051697508,miercoles
465,2019-04-11,primavera,1,4,No Festivo,Soleado,16.8637,482,4380,1043.000973182692,jueves
466,2019-04-12,primavera,1,4,No Festivo,Soleado,19.3802,663,4746,1146.4001344395676,viernes
467,2019-04-13,primavera,1,4,No Festivo,Soleado,21.5904,1252,5146,1330.4236075641147,sabado
468,2019-04-14,primavera,1,4,No Festivo,Soleado,24.3998,2795,4665,1524.4545882847342,domingo
469,2019-04-15,primavera,1,4,No Festivo,Soleado,28.69375,2846,4286,1464.8857581965513,lunes
470,2019-04-16,primavera,1,4,No Festivo,Soleado,30.74625,1198,5172,1325.260617309192,martes
471,2019-04-17,primavera,1,4,No Festivo,Soleado,29.92435,989,5702,1384.2986580930544,miercoles
472,2019-04-18,primavera,1,4,No Festivo,Nublado,22.8519,347,4020,948.2846740738662,jueves
473,2019-04-19,primavera,1,4,No Festivo,Soleado,24.6523,846,5719,1361.164166578638,viernes
474,2019-04-20,primavera,1,4,No Festivo,Soleado,25.78875,1340,5950,1493.6185760629082,sabado
475,2019-04-21,primavera,1,4,No Festivo,Soleado,27.14605,2541,4083,1372.0032193425507,domingo
476,2019-04-22,primavera,1,4,No Festivo,Lluvia,19.4752,120,907,262.5562544204648,lunes
477,2019-04-23,primavera,1,4,No Festivo,Nublado,15.05625,195,3019,722.5684955768935,martes
478,2019-04-24,primavera,1,4,No Festivo,Soleado,20.26415,518,5115,1188.3930869581254,miercoles
479,2019-04-25,primavera,1,4,No Festivo,Soleado,23.51585,655,5541,1293.117886323104,jueves
480,2019-04-26,primavera,1,4,No Festivo,Nublado,24.17915,475,4551,1074.1345550947701,viernes
481,2019-04-27,primavera,1,4,No Festivo,Soleado,22.63185,1014,5219,1299.9613444851311,sabado
482,2019-04-28,primavera,1,4,No Festivo,Nublado,18.8752,1120,3100,919.9265001991263,domingo
483,2019-04-29,primavera,1,4,No Festivo,Soleado,22.50605,2229,4075,1313.0804629332854,lunes
484,2019-04-30,primavera,1,4,No Festivo,Nublado,22.8848,665,4907,1176.9766616833267,martes
485,2019-05-01,primavera,1,5,No Festivo,Nublado,28.85105,653,5087,1208.3847424834732,miercoles
486,2019-05-02,primavera,1,5,No Festivo,Soleado,26.8948,667,5502,1288.1210757208673,jueves
487,2019-05-03,primavera,1,5,No Festivo,Nublado,26.8621,764,5657,1334.6627106928818,viernes
488,2019-05-04,primavera,1,5,No Festivo,Soleado,29.54585,1069,5227,1311.6030967672139,sabado
489,2019-05-05,primavera,1,5,No Festivo,Nublado,29.2304,2496,4387,1419.4562789073216,domingo
490,2019-05-06,primavera,1,5,No Festivo,Nublado,27.33685,2135,4224,1323.2315932932781,lunes
491,2019-05-07,primavera,1,5,No Festivo,Nublado,26.3571,1008,5265,1307.3544773607698,martes
492,2019-05-08,primavera,1,5,No Festivo,Nublado,27.87355,738,4990,1206.1448142184574,miercoles
493,2019-05-09,primavera,1,5,No Festivo,Nublado,27.65125,620,4097,1015.3746760208217,jueves
494,2019-05-10,primavera,1,5,No Festivo,Soleado,24.58915,1026,5546,1362.450733894076,viernes
495,2019-05-11,primavera,1,5,No Festivo,Soleado,26.04165,1319,5711,1446.29829027854,sabado
496,2019-05-12,primavera,1,5,No Festivo,Soleado,27.24085,2622,4807,1518.8375677086412,domingo
497,2019-05-13,primavera,1,5,No Festivo,Soleado,29.2619,2172,3946,1278.675850532555,lunes
498,2019-05-14,primavera,1,5,No Festivo,Nublado,27.495,342,2501,648.0909893768599,martes
499,2019-05-15,primavera,1,5,No Festivo,Nublado,28.8202,625,4490,1090.981617370835,miercoles
500,2019-05-16,primavera,1,5,No Festivo,Soleado,29.79875,991,6433,1517.9313469896297,jueves
501,2019-05-17,primavera,1,5,No Festivo,Soleado,28.63065,1242,6142,1510.6790751459662,viernes
502,2019-05-18,primavera,1,5,No Festivo,Soleado,27.55605,1521,6118,1556.8367669691515,sabado
503,2019-05-19,primavera,1,5,No Festivo,Soleado,28.3454,3410,4884,1674.6109594874274,domingo
504,2019-05-20,primavera,1,5,No Festivo,Soleado,29.19835,2704,4425,1464.3395019892923,lunes
505,2019-05-21,primavera,1,5,No Festivo,Nublado,28.28335,630,3729,946.7442005495195,martes
506,2019-05-22,primavera,1,5,No Festivo,Nublado,29.04125,819,5254,1270.3343828894788,miercoles
507,2019-05-23,primavera,1,5,No Festivo,Nublado,29.2306,766,4494,1118.3579500665892,jueves
508,2019-05-24,primavera,1,5,No Festivo,Soleado,30.335,1059,5711,1398.7782783063465,viernes
509,2019-05-25,primavera,1,5,No Festivo,Soleado,31.37645,1417,5317,1392.182369705061,sabado
510,2019-05-26,primavera,1,5,No Festivo,Soleado,32.1348,2855,3681,1355.8324359362066,domingo
511,2019-05-27,primavera,1,5,Memorial Day,Soleado,32.07125,3283,3308,1365.9420592855506,lunes
512,2019-05-28,primavera,1,5,No Festivo,Soleado,33.965,2557,3486,1264.7694967974883,martes
513,2019-05-29,primavera,1,5,No Festivo,Soleado,33.6496,880,4863,1208.9446412056277,miercoles
514,2019-05-30,primavera,1,5,No Festivo,Nublado,30.55645,745,6110,1414.3361528312978,jueves
515,2019-05-31,primavera,1,5,No Festivo,Soleado,31.56645,1100,6238,1502.3334294536594,viernes
516,2019-06-01,primavera,1,6,No Festivo,Nublado,30.3981,533,3594,901.9276819353369,sabado
517,2019-06-02,primavera,1,6,No Festivo,Soleado,28.3144,2795,5325,1643.4311864062715,domingo
518,2019-06-03,primavera,1,6,No Festivo,Soleado,28.75665,2494,5147,1557.1980874034064,lunes
519,2019-06-04,primavera,1,6,No Festivo,Soleado,28.91415,1071,5927,1440.4606181929626,martes
520,2019-06-05,primavera,1,6,No Festivo,Nublado,26.2946,968,6033,1441.0080288538845,miercoles
521,2019-06-06,primavera,1,6,No Festivo,Soleado,27.1146,1027,6028,1450.8568662732023,jueves
522,2019-06-07,primavera,1,6,No Festivo,Soleado,28.4721,1038,6456,1530.6121369158923,viernes
523,2019-06-08,primavera,1,6,No Festivo,Soleado,29.8931,1488,6248,1574.3484608705257,sabado
524,2019-06-09,primavera,1,6,No Festivo,Soleado,32.41835,2708,4790,1531.3363450325544,domingo
525,2019-06-10,primavera,1,6,No Festivo,Soleado,33.17585,2224,4374,1367.2280480602446,lunes
526,2019-06-11,primavera,1,6,No Festivo,Nublado,32.98605,1017,5647,1379.3454739192568,martes
527,2019-06-12,primavera,1,6,No Festivo,Nublado,29.89375,477,4495,1063.896211277622,miercoles
528,2019-06-13,primavera,1,6,No Festivo,Soleado,30.55585,1173,6248,1517.3875812055592,jueves
529,2019-06-14,primavera,1,6,No Festivo,Soleado,31.21915,1180,6183,1506.8698430092097,viernes
530,2019-06-15,primavera,1,6,No Festivo,Soleado,29.9877,1563,6102,1561.53309364385,sabado
531,2019-06-16,primavera,1,6,No Festivo,Soleado,29.7354,2963,4739,1568.2132029649376,domingo
532,2019-06-17,primavera,1,6,No Festivo,Soleado,28.59875,2634,4344,1436.8105303495358,lunes
533,2019-06-18,primavera,1,6,No Festivo,Nublado,27.2421,653,4446,1087.9554091405523,martes
534,2019-06-19,primavera,1,6,No Festivo,Soleado,32.7346,968,5857,1408.8476602407864,miercoles
535,2019-06-20,primavera,1,6,No Festivo,Soleado,36.04875,872,5339,1295.8928204871527,jueves
536,2019-06-21,verano,1,6,No Festivo,Soleado,37.6271,778,5127,1239.1302242854638,viernes
537,2019-06-22,verano,1,6,No Festivo,Soleado,36.20605,964,4859,1223.8630509278962,sabado
538,2019-06-23,verano,1,6,No Festivo,Soleado,32.6396,2657,4801,1524.0922801695986,domingo
539,2019-06-24,verano,1,6,No Festivo,Soleado,33.7127,2551,4340,1420.9187361325544,lunes
540,2019-06-25,verano,1,6,No Festivo,Soleado,32.7021,1139,5640,1400.4266307568541,martes
541,2019-06-26,verano,1,6,No Festivo,Soleado,29.7352,1077,6365,1521.193416730677,miercoles
542,2019-06-27,verano,1,6,No Festivo,Soleado,32.0396,1077,6258,1501.7889416873786,jueves
543,2019-06-28,verano,1,6,No Festivo,Soleado,33.7756,921,5958,1418.7249777322818,viernes
544,2019-06-29,verano,1,6,No Festivo,Soleado,39.33065,829,4634,1156.5412512728874,sabado
545,2019-06-30,verano,1,6,No Festivo,Soleado,34.3754,1455,4232,1198.4876867323576,domingo
546,2019-07-01,verano,1,7,No Festivo,Soleado,37.53145,1421,4110,1169.2953358363939,lunes
547,2019-07-02,verano,1,7,No Festivo,Soleado,35.1019,904,5323,1298.851909416228,martes
548,2019-07-03,verano,1,7,No Festivo,Soleado,35.1325,1052,5608,1378.6114747357885,miercoles
549,2019-07-04,verano,1,7,Independence Day,Soleado,36.61685,2562,4841,1514.1244605126255,jueves
550,2019-07-05,verano,1,7,No Festivo,Soleado,38.06835,1405,4836,1301.4404021329558,viernes
551,2019-07-06,verano,1,7,No Festivo,Soleado,37.62665,1366,4841,1295.1529127237843,sabado
552,2019-07-07,verano,1,7,No Festivo,Soleado,40.24565,1448,3392,1038.8155013582993,domingo
553,2019-07-08,verano,1,7,No Festivo,Soleado,39.5198,1203,3469,1006.7814560984249,lunes
554,2019-07-09,verano,1,7,No Festivo,Nublado,32.7027,998,5571,1361.8993670159957,martes
555,2019-07-10,verano,1,7,No Festivo,Nublado,33.2398,954,5336,1310.4949318893716,miercoles
556,2019-07-11,verano,1,7,No Festivo,Soleado,32.51355,975,6289,1488.8953046716433,jueves
557,2019-07-12,verano,1,7,No Festivo,Soleado,32.73415,1032,6414,1521.918199056393,viernes
558,2019-07-13,verano,1,7,No Festivo,Nublado,33.39665,1511,5988,1531.5173901878804,sabado
559,2019-07-14,verano,1,7,No Festivo,Nublado,33.3021,2355,4614,1435.1676023835676,domingo
560,2019-07-15,verano,1,7,No Festivo,Soleado,35.2598,1920,4111,1262.542662373086,lunes
561,2019-07-16,verano,1,7,No Festivo,Soleado,36.20625,1088,5742,1409.7625994387793,martes
562,2019-07-17,verano,1,7,No Festivo,Soleado,37.78415,921,5865,1401.7085103986822,miercoles
563,2019-07-18,verano,1,7,No Festivo,Soleado,37.27915,799,4914,1203.3441523307467,jueves
564,2019-07-19,verano,1,7,No Festivo,Soleado,35.7321,888,5703,1365.9420592855506,viernes
565,2019-07-20,verano,1,7,No Festivo,Nublado,30.65125,747,5123,1232.6167200353432,sabado
566,2019-07-21,verano,1,7,No Festivo,Lluvia,27.4956,1264,3195,965.9771916409289,domingo
567,2019-07-22,verano,1,7,No Festivo,Nublado,31.15625,2544,4866,1515.3935591141494,lunes
568,2019-07-23,verano,1,7,No Festivo,Soleado,34.50085,1135,5831,1434.61990605952,martes
569,2019-07-24,verano,1,7,No Festivo,Soleado,35.3225,1140,6452,1548.3426293553346,miercoles
570,2019-07-25,verano,1,7,No Festivo,Soleado,32.7027,1383,6790,1652.9364571961123,jueves
571,2019-07-26,verano,1,7,No Festivo,Soleado,36.96315,1036,5825,1415.4335228343014,viernes
572,2019-07-27,verano,1,7,No Festivo,Soleado,36.71085,1259,5645,1423.2948169803772,sabado
573,2019-07-28,verano,1,7,No Festivo,Soleado,34.8802,2234,4451,1383.198147476397,domingo
574,2019-07-29,verano,1,7,No Festivo,Soleado,33.39665,2153,4444,1367.0443448922401,lunes
575,2019-07-30,verano,1,7,No Festivo,Soleado,34.24935,1040,6065,1459.9685090796304,martes
576,2019-07-31,verano,1,7,No Festivo,Soleado,33.1448,968,6248,1480.1703553494629,miercoles
577,2019-08-01,verano,1,8,No Festivo,Soleado,33.3654,1074,6506,1546.1729552268002,jueves
578,2019-08-02,verano,1,8,No Festivo,Soleado,35.3544,983,6278,1488.3501880784074,viernes
579,2019-08-03,verano,1,8,No Festivo,Nublado,36.14335,1328,5847,1472.7125617202032,sabado
580,2019-08-04,verano,1,8,No Festivo,Soleado,37.56335,2345,4479,1408.6646632450045,domingo
581,2019-08-05,verano,1,8,No Festivo,Soleado,36.55395,1707,3757,1156.7289417714694,lunes
582,2019-08-06,verano,1,8,No Festivo,Nublado,35.5123,1233,5780,1443.1974045618347,martes
583,2019-08-07,verano,1,8,No Festivo,Nublado,34.88105,1278,5995,1490.5305007092604,miercoles
584,2019-08-08,verano,1,8,No Festivo,Nublado,35.38585,1263,6271,1537.8522418395055,jueves
585,2019-08-09,verano,1,8,No Festivo,Soleado,34.9754,1196,6090,1492.892043928891,viernes
586,2019-08-10,verano,1,8,No Festivo,Nublado,33.3971,1065,4721,1216.9662064764918,sabado
587,2019-08-11,verano,1,8,No Festivo,Nublado,31.91335,2247,4052,1312.1571341114313,domingo
588,2019-08-12,verano,1,8,No Festivo,Soleado,32.22895,2182,4362,1357.3035267078717,lunes
589,2019-08-13,verano,1,8,No Festivo,Soleado,33.1127,1207,5676,1419.4562789073216,martes
590,2019-08-14,verano,1,8,No Festivo,Soleado,33.83895,1128,5656,1401.3422744413806,miercoles
591,2019-08-15,verano,1,8,No Festivo,Soleado,32.70185,1198,6149,1503.9667407358825,jueves
592,2019-08-16,verano,1,8,No Festivo,Soleado,32.7344,1338,6267,1550.6926691060273,viernes
593,2019-08-17,verano,1,8,No Festivo,Soleado,12.12,1483,5665,1467.7986831122432,sabado
594,2019-08-18,verano,1,8,No Festivo,Soleado,30.90355,2827,5038,1597.59856296818,domingo
595,2019-08-19,verano,1,8,No Festivo,Nublado,30.1777,1208,3341,983.2449108866625,lunes
596,2019-08-20,verano,1,8,No Festivo,Nublado,29.79835,1026,5504,1354.7289833278846,martes
597,2019-08-21,verano,1,8,No Festivo,Soleado,30.05125,1081,5925,1441.92032061436,miercoles
598,2019-08-22,verano,1,8,No Festivo,Soleado,31.0927,1094,6281,1509.0466983235035,jueves
599,2019-08-23,verano,1,8,No Festivo,Soleado,31.8504,1363,6402,1579.5790489550109,viernes
600,2019-08-24,verano,1,8,No Festivo,Nublado,32.355,1325,6257,1546.5345947231604,sabado
601,2019-08-25,verano,1,8,No Festivo,Nublado,30.9348,1829,4224,1266.6248075582027,domingo
602,2019-08-26,verano,1,8,No Festivo,Nublado,29.7998,1483,3772,1117.4153820158274,lunes
603,2019-08-27,verano,1,8,No Festivo,Soleado,32.7344,989,5928,1425.6703884884967,martes
604,2019-08-28,verano,1,8,No Festivo,Soleado,33.3025,935,6105,1448.121941797976,miercoles
605,2019-08-29,verano,1,8,No Festivo,Soleado,31.78665,1177,6520,1567.310699373983,jueves
606,2019-08-30,verano,1,8,No Festivo,Soleado,32.63895,1172,6541,1570.1984761361343,viernes
607,2019-08-31,verano,1,8,No Festivo,Soleado,34.47,1433,5917,1504.5111271961714,sabado
608,2019-09-01,verano,1,9,No Festivo,Nublado,35.1327,2352,3788,1282.7513565142435,domingo
609,2019-09-02,verano,1,9,Labor Day,Nublado,32.45,2613,3197,1221.4404054827078,lunes
610,2019-09-03,verano,1,9,No Festivo,Soleado,33.08145,1965,4069,1263.099418234378,martes
611,2019-09-04,verano,1,9,No Festivo,Soleado,34.3444,867,5997,1415.9821668581424,miercoles
612,2019-09-05,verano,1,9,No Festivo,Soleado,35.44915,832,6280,1461.243555412941,jueves
613,2019-09-06,verano,1,9,No Festivo,Nublado,32.76645,611,5592,1294.4129506701668,viernes
614,2019-09-07,verano,1,9,No Festivo,Soleado,32.8602,1045,6459,1532.4225747418957,sabado
615,2019-09-08,verano,1,9,No Festivo,Nublado,30.55605,1557,4419,1252.3298653382637,domingo
616,2019-09-09,verano,1,9,No Festivo,Soleado,28.94625,2570,5657,1662.613857857392,lunes
617,2019-09-10,verano,1,9,No Festivo,Soleado,28.2827,1118,6407,1536.2236006181602,martes
618,2019-09-11,verano,1,9,No Festivo,Soleado,27.7146,1070,6697,1579.9396970963498,miercoles
619,2019-09-12,verano,1,9,No Festivo,Soleado,28.50375,1050,6820,1598.4988513401915,jueves
620,2019-09-13,verano,1,9,No Festivo,Soleado,28.9779,1054,6750,1586.6097837634745,viernes
621,2019-09-14,verano,1,9,No Festivo,Soleado,29.70415,1379,6630,1623.5009627094569,sabado
622,2019-09-15,verano,1,9,No Festivo,Soleado,29.29335,3160,5554,1749.569268585685,domingo
623,2019-09-16,verano,1,9,No Festivo,Soleado,28.15625,2166,5167,1501.425935757603,lunes
624,2019-09-17,verano,1,9,No Festivo,Nublado,27.6525,1022,5847,1416.8965129028745,martes
625,2019-09-18,verano,1,9,No Festivo,Nublado,28.25335,371,3702,891.4556097663374,miercoles
626,2019-09-19,verano,1,9,No Festivo,Soleado,27.0202,788,6803,1548.1618380992666,jueves
627,2019-09-20,verano,1,9,No Festivo,Soleado,26.6096,939,6781,1571.4616639320443,viernes
628,2019-09-21,verano,1,9,No Festivo,Soleado,28.59855,1250,6917,1651.8607418921051,sabado
629,2019-09-22,verano,1,9,No Festivo,Soleado,30.5244,2512,5883,1692.675329469439,domingo
630,2019-09-23,otoño,1,9,No Festivo,Soleado,25.94665,2454,5453,1605.15896442593,lunes
631,2019-09-24,otoño,1,9,No Festivo,Soleado,25.12565,1001,6435,1520.1061600684272,martes
632,2019-09-25,otoño,1,9,No Festivo,Soleado,27.20895,845,6693,1538.5760112678154,miercoles
633,2019-09-26,otoño,1,9,No Festivo,Soleado,29.83065,787,6946,1573.8072382660096,jueves
634,2019-09-27,otoño,1,9,No Festivo,Nublado,30.39875,751,6642,1512.3112254564103,viernes
635,2019-09-28,otoño,1,9,No Festivo,Nublado,29.29315,1045,6370,1516.2999745413488,sabado
636,2019-09-29,otoño,1,9,No Festivo,Soleado,26.5148,2589,5966,1721.2416694671856,domingo
637,2019-09-30,otoño,1,9,No Festivo,Soleado,25.88315,2015,4874,1420.553139957073,lunes
638,2019-10-01,otoño,1,10,No Festivo,Nublado,25.6,763,6015,1400.2434927945494,martes
639,2019-10-02,otoño,1,10,No Festivo,Lluvia,27.11665,315,4324,1000.4737746371442,miercoles
640,2019-10-03,otoño,1,10,No Festivo,Nublado,29.95665,728,6844,1544.726288568545,jueves
641,2019-10-04,otoño,1,10,No Festivo,Nublado,30.39875,891,6437,1500.5183716086497,viernes
642,2019-10-05,otoño,1,10,No Festivo,Soleado,29.00935,1516,6640,1649.8883634124163,sabado
643,2019-10-06,otoño,1,10,No Festivo,Soleado,26.92605,3031,4934,1615.5920098988165,domingo
644,2019-10-07,otoño,1,10,No Festivo,Nublado,20.99065,781,2729,781.2850626294618,lunes
645,2019-10-08,otoño,1,10,No Festivo,Nublado,19.3804,874,4604,1159.3561984690268,martes
646,2019-10-09,otoño,1,10,No Festivo,Nublado,21.9056,601,5791,1329.3174694510428,miercoles
647,2019-10-10,otoño,1,10,No Festivo,Soleado,25.1571,780,6911,1566.2276069480909,jueves
648,2019-10-11,otoño,1,10,No Festivo,Soleado,21.55835,834,6736,1544.3645947197974,viernes
649,2019-10-12,otoño,1,10,No Festivo,Soleado,21.65355,1060,6222,1492.1654663809225,sabado
650,2019-10-13,otoño,1,10,No Festivo,Soleado,19.5698,2252,4857,1460.6971244884837,domingo
651,2019-10-14,otoño,1,10,Columbus Day,Soleado,25.4102,2080,4559,1374.7571547560808,lunes
652,2019-10-15,otoño,1,10,No Festivo,Nublado,26.9575,760,5115,1233.5474907709363,martes
653,2019-10-16,otoño,1,10,No Festivo,Soleado,23.0423,922,6612,1537.8522418395055,miercoles
654,2019-10-17,otoño,1,10,No Festivo,Soleado,22.5054,979,6482,1524.6357381950006,jueves
655,2019-10-18,otoño,1,10,No Festivo,Nublado,25.63125,1008,6501,1533.3276906289402,viernes
656,2019-10-19,otoño,1,10,No Festivo,Nublado,26.8948,753,4671,1149.2182627916673,sabado
657,2019-10-20,otoño,1,10,No Festivo,Soleado,23.6421,2806,5284,1638.0477157870696,domingo
658,2019-10-21,otoño,1,10,No Festivo,Soleado,22.82145,2132,4692,1408.6646632450045,lunes
659,2019-10-22,otoño,1,10,No Festivo,Soleado,24.1471,830,6228,1451.4037716818584,martes
660,2019-10-23,otoño,1,10,No Festivo,Soleado,26.5152,841,6625,1525.5414462898361,miercoles
661,2019-10-24,otoño,1,10,No Festivo,Soleado,27.93605,795,6898,1566.5886484421792,jueves
662,2019-10-25,otoño,1,10,No Festivo,Nublado,26.4844,875,6484,1506.1441348367605,viernes
663,2019-10-26,otoño,1,10,No Festivo,Nublado,26.1375,1182,6262,1521.5558134362336,sabado
664,2019-10-27,otoño,1,10,No Festivo,Nublado,25.75665,2643,5209,1595.2575081104615,domingo
665,2019-10-28,otoño,1,10,No Festivo,Nublado,23.38855,998,3461,965.9771916409289,lunes
666,2019-10-29,otoño,1,10,No Festivo,Lluvia,21.97,2,20,8.166413549306201,martes
667,2019-10-30,otoño,1,10,No Festivo,Nublado,15.49545,87,1009,278.1630708993515,miercoles
668,2019-10-31,otoño,1,10,No Festivo,Nublado,18.055,419,5147,1175.8529682703722,jueves
669,2019-11-01,otoño,1,11,No Festivo,Nublado,18.4971,466,5520,1254.187530725377,viernes
670,2019-11-02,otoño,1,11,No Festivo,Soleado,17.8021,618,5229,1228.3340106413082,sabado
671,2019-11-03,otoño,1,11,No Festivo,Nublado,16.1923,1029,4109,1095.329904801913,domingo
672,2019-11-04,otoño,1,11,No Festivo,Soleado,16.4769,1201,3906,1089.4686481871354,lunes
673,2019-11-05,otoño,1,11,No Festivo,Soleado,15.40375,378,4881,1118.1694446203321,martes
674,2019-11-06,otoño,1,11,No Festivo,Soleado,14.07835,466,5220,1198.3008491797814,miercoles
675,2019-11-07,otoño,1,11,No Festivo,Nublado,13.73105,326,4709,1075.8397247756661,jueves
676,2019-11-08,otoño,1,11,No Festivo,Soleado,17.09455,340,4975,1128.7194898924988,viernes
677,2019-11-09,otoño,1,11,No Festivo,Soleado,17.77065,709,5283,1255.3019603331247,sabado
678,2019-11-10,otoño,1,11,No Festivo,Soleado,19.69685,2090,4446,1355.8324359362066,domingo
679,2019-11-11,otoño,1,11,Veterans Day,Soleado,21.08565,2290,4562,1413.7874268255084,lunes
680,2019-11-12,otoño,1,11,No Festivo,Soleado,23.76915,1097,5172,1306.6154061488844,martes
681,2019-11-13,otoño,1,11,No Festivo,Nublado,16.16125,327,3767,895.5299492908912,miercoles
682,2019-11-14,otoño,1,11,No Festivo,Soleado,14.07815,373,5122,1162.5454113619571,jueves
683,2019-11-15,otoño,1,11,No Festivo,Nublado,16.2246,320,5125,1153.1621526233448,viernes
684,2019-11-16,otoño,1,11,No Festivo,Soleado,17.3602,484,5214,1200.542653100437,sabado
685,2019-11-17,otoño,1,11,No Festivo,Soleado,16.31915,1313,4316,1187.6449017340713,domingo
686,2019-11-18,otoño,1,11,No Festivo,Soleado,16.8873,922,3747,1006.2082406399705,lunes
687,2019-11-19,otoño,1,11,No Festivo,Nublado,18.78105,449,5050,1163.2956510258457,martes
688,2019-11-20,otoño,1,11,No Festivo,Nublado,19.03335,534,5100,1188.5801238111776,miercoles
689,2019-11-21,otoño,1,11,No Festivo,Soleado,18.2446,615,4531,1096.8418326930407,jueves
690,2019-11-22,otoño,1,11,No Festivo,Soleado,17.51855,955,1470,562.8297086584354,viernes
691,2019-11-23,otoño,1,11,No Festivo,Soleado,18.93895,1603,2307,859.748544567654,sabado
692,2019-11-24,otoño,1,11,No Festivo,Soleado,12.4371,532,1745,532.2517360429464,domingo
693,2019-11-25,otoño,1,11,No Festivo,Soleado,12.87915,309,2115,562.6238279323051,lunes
694,2019-11-26,otoño,1,11,No Festivo,Soleado,16.9502,337,4750,1085.6850435456186,martes
695,2019-11-27,otoño,1,11,No Festivo,Nublado,14.0779,123,3836,869.2956617054749,miercoles
696,2019-11-28,otoño,1,11,Thanksgiving,Soleado,14.4881,198,5062,1118.3579500665892,jueves
697,2019-11-29,otoño,1,11,No Festivo,Soleado,14.9211,243,5080,1130.2256032315274,viernes
698,2019-11-30,otoño,1,11,No Festivo,Soleado,16.19335,362,5306,1194.9371327757185,sabado
699,2019-12-01,otoño,1,12,No Festivo,Nublado,15.8452,951,4240,1105.3414544535212,domingo
700,2019-12-02,otoño,1,12,No Festivo,Nublado,17.9604,892,3757,1002.3857311147132,lunes
701,2019-12-03,otoño,1,12,No Festivo,Soleado,22.7898,555,5679,1300.146238505602,martes
702,2019-12-04,otoño,1,12,No Festivo,Soleado,23.4527,551,6055,1368.6975593314792,miercoles
703,2019-12-05,otoño,1,12,No Festivo,Soleado,21.4006,331,5398,1206.3314952986836,jueves
704,2019-12-06,otoño,1,12,No Festivo,Soleado,12.9102,340,5035,1140.0090778238666,viernes
705,2019-12-07,otoño,1,12,No Festivo,Nublado,16.0979,349,4659,1070.7231719922734,sabado
706,2019-12-08,otoño,1,12,No Festivo,Nublado,19.4754,1153,4429,1178.8491779946553,domingo
707,2019-12-09,otoño,1,12,No Festivo,Nublado,19.5073,441,2787,725.3590963648804,lunes
708,2019-12-10,otoño,1,12,No Festivo,Nublado,21.77875,329,4841,1101.3760127004887,martes
709,2019-12-11,otoño,1,12,No Festivo,Nublado,16.91815,282,5219,1163.6707475555193,miercoles
710,2019-12-12,otoño,1,12,No Festivo,Nublado,14.8669,310,5009,1129.4725788007277,jueves
711,2019-12-13,otoño,1,12,No Festivo,Soleado,14.7094,425,5107,1169.4827621940171,viernes
712,2019-12-14,otoño,1,12,No Festivo,Soleado,14.7096,429,5182,1184.277318414081,sabado
713,2019-12-15,otoño,1,12,No Festivo,Soleado,16.91915,767,4280,1078.1127447075296,domingo
714,2019-12-16,otoño,1,12,No Festivo,Nublado,18.4969,538,3248,835.527153044333,lunes
715,2019-12-17,otoño,1,12,No Festivo,Nublado,20.075,212,4373,990.1410712926046,martes
716,2019-12-18,otoño,1,12,No Festivo,Soleado,20.4854,433,5124,1174.1671694959268,miercoles
717,2019-12-19,otoño,1,12,No Festivo,Soleado,17.1081,333,4934,1119.6773739925984,jueves
718,2019-12-20,otoño,1,12,No Festivo,Nublado,16.76085,314,3814,902.1214614766728,viernes
719,2019-12-21,invierno,1,12,No Festivo,Nublado,15.08835,221,3402,803.5495217985006,sabado
720,2019-12-22,invierno,1,12,No Festivo,Soleado,11.80565,205,1544,421.1795422147073,domingo
721,2019-12-23,invierno,1,12,No Festivo,Soleado,12.97355,408,1379,429.289420557934,lunes
722,2019-12-24,invierno,1,12,No Festivo,Nublado,12.945,174,746,238.11372358978954,martes
723,2019-12-25,invierno,1,12,Christmas Day,Nublado,14.72325,440,573,259.3753110278064,miercoles
724,2019-12-26,invierno,1,12,No Festivo,Lluvia,11.01665,9,432,123.83634334524696,jueves
725,2019-12-27,invierno,1,12,No Festivo,Nublado,11.3321,247,1867,498.3109578345296,viernes
726,2019-12-28,invierno,1,12,No Festivo,Nublado,12.7523,644,2451,698.7918050916312,sabado
727,2019-12-29,invierno,1,12,No Festivo,Nublado,12.12,159,1182,332.7255608472542,domingo
728,2019-12-30,invierno,1,12,No Festivo,Soleado,11.585,364,1432,431.2072913522726,lunes
729,2019-12-31,invierno,1,12,No Festivo,Nublado,11.17435,439,2290,624.9888471726192,martes
